ULTIMATE_DISTRIBUTORS,ACTUAL_VOLUME
rndc,1843766.292405
sgws,1247435.210463
eder bros,116405.967114
allan s. goodman,81120.795337
brescome barton,52193.324207
hartley beverage,764.8415709999999
slocum & sons inc,168.780645
