ULTIMATE_DISTRIBUTORS,TOTAL_INITIAL_STOCK,TOTAL_CURRENT_STOCK,REPLENISH_STOCK
allan s. goodman,934.4596575526507,186.89193151053013,747.5677260421205
brescome barton,1390.405882038175,278.081176407635,1112.32470563054
eder bros,963.0436766333864,192.6087353266773,770.4349413067092
hartley beverage,14.117004745639731,2.8234009491279464,11.293603796511785
rndc,1011.0274433158314,202.20548866316628,808.8219546526651
sgws,2113.0430364841573,422.60860729683145,1690.4344291873258
slocum & sons inc,11.912098666652986,2.382419733330597,9.529678933322389
