MARKETS,ACTUAL_VOLUME
florida,1843766.292405
illinois,1247435.210463
connecticut,250653.708874
